<?xml version="1.0" encoding="UTF-8"?>
<site>
   <description url="https://dl-ssl.google.com/android/eclipse/">
      Update Site for Android Development Toolkit
   </description>
   <feature url="features/com.android.ide.eclipse.adt_0.9.4.v200910220141-17704.jar" id="com.android.ide.eclipse.adt" version="0.9.4.v200910220141-17704">
      <category name="developer"/>
   </feature>
   <feature url="features/com.android.ide.eclipse.ddms_0.9.4.v200910220141-17704.jar" id="com.android.ide.eclipse.ddms" version="0.9.4.v200910220141-17704">
      <category name="developer"/>
   </feature>
   <category-def name="developer" label="Developer Tools">
      <description>
         Features that add Android support to Eclipse for application developers.
      </description>
   </category-def>
</site>
